,precision,recall,f1-score,support
CIENCIAS DE LA SALUD,0.8481675392670157,0.9101123595505618,0.8780487804878049,178.0
CIENCIAS ECONOMICAS,0.7819548872180451,0.7647058823529411,0.7732342007434945,136.0
INGENIERIA,0.7928571428571428,0.74,0.7655172413793103,150.0
accuracy,0.8125,0.8125,0.8125,0.8125
macro avg,0.8076598564474011,0.8049394139678343,0.8056000742035366,464.0
weighted avg,0.8108798665511947,0.8125,0.810948535419916,464.0
