,precision,recall,f1-score,support
Category 1,0.28205128205128205,0.2,0.23404255319148937,55.0
Category 2,0.5865921787709497,0.5965909090909091,0.5915492957746479,176.0
Category 3,0.582010582010582,0.5583756345177665,0.5699481865284974,197.0
Category 4,0.17543859649122806,0.2777777777777778,0.21505376344086022,36.0
accuracy,0.5086206896551724,0.5086206896551724,0.5086206896551724,0.5086206896551724
macro avg,0.4065231598310105,0.4081860803466133,0.40264844973387376,464.0
weighted avg,0.516648530401458,0.5086206896551724,0.5107903980858942,464.0
