,precision,recall,f1-score,support
f,0.5659340659340659,0.5175879396984925,0.5406824146981627,199.0
m,0.6583629893238434,0.7007575757575758,0.6788990825688074,264.0
accuracy,0.6220302375809935,0.6220302375809935,0.6220302375809935,0.6220302375809935
macro avg,0.6121485276289547,0.6091727577280341,0.609790748633485,463.0
weighted avg,0.6186365190116065,0.6220302375809935,0.6194927825552905,463.0
